company_id,year,cfo_sign,cfi_sign,cff_sign,pattern_label
ABB,2012,1,-1,-1,Reinvestor
ABB,2014,1,-1,-1,Reinvestor
ABB,2015,1,-1,-1,Reinvestor
ABB,2016,1,-1,-1,Reinvestor
ABB,2017,1,-1,-1,Reinvestor
ABB,2018,1,-1,-1,Reinvestor
ABB,2019,1,-1,-1,Reinvestor
ABB,2020,1,-1,-1,Reinvestor
ABB,2021,1,-1,-1,Reinvestor
ABB,2022,1,-1,-1,Reinvestor
ABB,2023,1,-1,-1,Reinvestor
ABB,2024,1,-1,-1,Reinvestor
ADANIENSOL,2014,-1,-1,-1,Mixed
ADANIENSOL,2015,-1,-1,1,Pre-Revenue
ADANIENSOL,2016,1,-1,-1,Reinvestor
ADANIENSOL,2017,1,-1,-1,Reinvestor
ADANIENSOL,2018,1,-1,1,Growth Funded by Debt
ADANIENSOL,2019,1,-1,1,Growth Funded by Debt
ADANIENSOL,2020,1,-1,1,Growth Funded by Debt
ADANIENSOL,2021,1,-1,-1,Reinvestor
ADANIENSOL,2022,1,-1,-1,Reinvestor
ADANIENSOL,2023,1,-1,1,Growth Funded by Debt
ADANIENSOL,2024,1,-1,-1,Reinvestor
ADANIENT,2013,1,-1,1,Growth Funded by Debt
ADANIENT,2014,1,-1,-1,Reinvestor
ADANIENT,2015,1,-1,1,Growth Funded by Debt
ADANIENT,2016,1,-1,-1,Reinvestor
ADANIENT,2017,1,-1,1,Growth Funded by Debt
ADANIENT,2018,1,-1,1,Growth Funded by Debt
ADANIENT,2019,1,1,-1,Shareholder Returns
ADANIENT,2020,1,-1,-1,Reinvestor
ADANIENT,2021,1,-1,1,Growth Funded by Debt
ADANIENT,2022,1,-1,1,Growth Funded by Debt
ADANIENT,2023,1,-1,-1,Reinvestor
ADANIENT,2024,1,-1,1,Growth Funded by Debt
ADANIGREEN,2017,1,-1,1,Growth Funded by Debt
ADANIGREEN,2018,1,-1,1,Growth Funded by Debt
ADANIGREEN,2019,1,-1,1,Growth Funded by Debt
ADANIGREEN,2020,1,-1,1,Growth Funded by Debt
ADANIGREEN,2021,1,-1,1,Growth Funded by Debt
ADANIGREEN,2022,1,-1,1,Growth Funded by Debt
ADANIGREEN,2023,1,-1,-1,Reinvestor
ADANIGREEN,2024,1,-1,1,Growth Funded by Debt
ADANIPORTS,2013,1,-1,1,Growth Funded by Debt
ADANIPORTS,2014,1,-1,1,Growth Funded by Debt
ADANIPORTS,2015,1,-1,-1,Reinvestor
ADANIPORTS,2016,1,-1,1,Growth Funded by Debt
ADANIPORTS,2017,1,-1,-1,Reinvestor
ADANIPORTS,2018,1,-1,-1,Reinvestor
ADANIPORTS,2019,1,-1,1,Growth Funded by Debt
ADANIPORTS,2020,1,-1,-1,Reinvestor
ADANIPORTS,2021,1,-1,1,Growth Funded by Debt
ADANIPORTS,2022,1,-1,-1,Reinvestor
ADANIPORTS,2023,1,-1,-1,Reinvestor
ADANIPORTS,2024,1,-1,-1,Reinvestor
ADANIPOWER,2013,1,-1,1,Growth Funded by Debt
ADANIPOWER,2014,1,-1,1,Growth Funded by Debt
ADANIPOWER,2015,1,-1,-1,Reinvestor
ADANIPOWER,2016,1,-1,-1,Reinvestor
ADANIPOWER,2017,1,-1,-1,Reinvestor
ADANIPOWER,2018,1,-1,-1,Reinvestor
ADANIPOWER,2019,1,-1,-1,Reinvestor
ADANIPOWER,2020,1,-1,-1,Reinvestor
ADANIPOWER,2021,1,-1,-1,Reinvestor
ADANIPOWER,2022,1,1,-1,Shareholder Returns
ADANIPOWER,2023,1,1,-1,Shareholder Returns
ADANIPOWER,2024,1,1,-1,Shareholder Returns
AGTL,2018,1,-1,1,Growth Funded by Debt
AGTL,2019,1,1,-1,Shareholder Returns
AGTL,2020,1,-1,-1,Reinvestor
AGTL,2021,1,-1,1,Growth Funded by Debt
AGTL,2022,1,-1,1,Growth Funded by Debt
AGTL,2023,1,-1,1,Growth Funded by Debt
AGTL,2024,1,-1,-1,Reinvestor
AMBUJACEM,2012,1,-1,-1,Reinvestor
AMBUJACEM,2013,1,-1,-1,Reinvestor
AMBUJACEM,2014,1,-1,-1,Reinvestor
AMBUJACEM,2015,1,-1,-1,Reinvestor
AMBUJACEM,2016,1,-1,-1,Reinvestor
AMBUJACEM,2017,1,-1,-1,Reinvestor
AMBUJACEM,2018,1,-1,-1,Reinvestor
AMBUJACEM,2019,1,-1,-1,Reinvestor
AMBUJACEM,2020,1,-1,-1,Reinvestor
AMBUJACEM,2021,1,-1,-1,Reinvestor
AMBUJACEM,2023,1,-1,1,Growth Funded by Debt
AMBUJACEM,2024,1,-1,1,Growth Funded by Debt
APOLLOHOSP,2013,1,-1,1,Growth Funded by Debt
APOLLOHOSP,2014,1,-1,-1,Reinvestor
APOLLOHOSP,2015,1,-1,1,Growth Funded by Debt
APOLLOHOSP,2016,1,-1,1,Growth Funded by Debt
APOLLOHOSP,2017,1,-1,1,Growth Funded by Debt
APOLLOHOSP,2018,1,-1,-1,Reinvestor
APOLLOHOSP,2019,1,-1,-1,Reinvestor
APOLLOHOSP,2020,1,-1,-1,Reinvestor
APOLLOHOSP,2021,1,-1,-1,Reinvestor
APOLLOHOSP,2022,1,-1,-1,Reinvestor
APOLLOHOSP,2023,1,-1,-1,Reinvestor
APOLLOHOSP,2024,1,-1,-1,Reinvestor
ASIANPAINT,2013,1,-1,-1,Reinvestor
ASIANPAINT,2014,1,-1,-1,Reinvestor
ASIANPAINT,2015,1,-1,-1,Reinvestor
ASIANPAINT,2016,1,-1,-1,Reinvestor
ASIANPAINT,2017,1,-1,-1,Reinvestor
ASIANPAINT,2018,1,-1,-1,Reinvestor
ASIANPAINT,2019,1,-1,-1,Reinvestor
ASIANPAINT,2020,1,-1,-1,Reinvestor
ASIANPAINT,2021,1,-1,-1,Reinvestor
ASIANPAINT,2022,1,-1,-1,Reinvestor
ASIANPAINT,2023,1,-1,-1,Reinvestor
ASIANPAINT,2024,1,-1,-1,Reinvestor
AXISBANK,2013,1,-1,1,Growth Funded by Debt
AXISBANK,2014,1,-1,1,Growth Funded by Debt
AXISBANK,2015,-1,-1,1,Pre-Revenue
AXISBANK,2016,-1,1,1,Liquidating Assets
AXISBANK,2017,1,-1,-1,Reinvestor
AXISBANK,2018,-1,-1,1,Pre-Revenue
AXISBANK,2019,1,-1,1,Growth Funded by Debt
AXISBANK,2020,1,-1,1,Growth Funded by Debt
AXISBANK,2021,1,-1,1,Growth Funded by Debt
AXISBANK,2022,1,-1,1,Growth Funded by Debt
AXISBANK,2023,1,-1,1,Growth Funded by Debt
AXISBANK,2024,-1,-1,1,Pre-Revenue
BAJAJFINSV,2013,-1,1,1,Liquidating Assets
BAJAJFINSV,2014,-1,1,1,Liquidating Assets
BAJAJFINSV,2015,-1,1,1,Liquidating Assets
BAJAJFINSV,2016,-1,-1,1,Pre-Revenue
BAJAJFINSV,2017,-1,1,1,Liquidating Assets
BAJAJFINSV,2018,-1,-1,1,Pre-Revenue
BAJAJFINSV,2019,-1,-1,1,Pre-Revenue
BAJAJFINSV,2020,-1,-1,1,Pre-Revenue
BAJAJFINSV,2021,1,-1,1,Growth Funded by Debt
BAJAJFINSV,2022,-1,1,1,Liquidating Assets
BAJAJFINSV,2023,-1,-1,1,Pre-Revenue
BAJAJFINSV,2024,-1,-1,1,Pre-Revenue
BAJAJHLDNG,2013,1,-1,-1,Reinvestor
BAJAJHLDNG,2014,1,-1,-1,Reinvestor
BAJAJHLDNG,2015,1,-1,-1,Reinvestor
BAJAJHLDNG,2016,1,1,-1,Shareholder Returns
BAJAJHLDNG,2017,-1,-1,-1,Mixed
BAJAJHLDNG,2018,1,-1,-1,Reinvestor
BAJAJHLDNG,2019,1,-1,-1,Reinvestor
BAJAJHLDNG,2020,1,-1,-1,Reinvestor
BAJAJHLDNG,2021,1,-1,-1,Reinvestor
BAJAJHLDNG,2022,1,-1,-1,Reinvestor
BAJAJHLDNG,2023,1,-1,-1,Reinvestor
BAJAJHLDNG,2024,1,-1,-1,Reinvestor
BAJAJ_AUTO,2013,1,-1,-1,Reinvestor
BAJAJ_AUTO,2014,1,-1,-1,Reinvestor
BAJAJ_AUTO,2015,1,-1,-1,Reinvestor
BAJAJ_AUTO,2016,1,-1,-1,Reinvestor
BAJAJ_AUTO,2017,1,-1,-1,Reinvestor
BAJAJ_AUTO,2018,1,-1,-1,Reinvestor
BAJAJ_AUTO,2019,1,-1,-1,Reinvestor
BAJAJ_AUTO,2020,1,1,-1,Shareholder Returns
BAJAJ_AUTO,2021,1,-1,-1,Reinvestor
BAJAJ_AUTO,2022,1,1,-1,Shareholder Returns
BAJAJ_AUTO,2023,1,1,-1,Shareholder Returns
BAJAJ_AUTO,2024,1,-1,-1,Reinvestor
BAJFINANCE,2015,-1,-1,1,Pre-Revenue
BAJFINANCE,2016,-1,-1,1,Pre-Revenue
BAJFINANCE,2017,-1,-1,1,Pre-Revenue
BAJFINANCE,2018,-1,1,1,Liquidating Assets
BAJFINANCE,2019,-1,-1,1,Pre-Revenue
BAJFINANCE,2020,-1,-1,1,Pre-Revenue
BAJFINANCE,2021,-1,-1,1,Pre-Revenue
BAJFINANCE,2022,-1,1,1,Liquidating Assets
BAJFINANCE,2023,-1,-1,1,Pre-Revenue
BAJFINANCE,2024,-1,-1,1,Pre-Revenue
BANKBARODA,2013,1,-1,-1,Reinvestor
BANKBARODA,2014,1,-1,1,Growth Funded by Debt
BANKBARODA,2015,1,-1,-1,Reinvestor
BANKBARODA,2016,-1,-1,-1,Mixed
BANKBARODA,2017,1,-1,-1,Reinvestor
BANKBARODA,2018,-1,-1,1,Pre-Revenue
BANKBARODA,2019,-1,-1,1,Pre-Revenue
BANKBARODA,2020,1,-1,1,Growth Funded by Debt
BANKBARODA,2021,-1,-1,-1,Mixed
BANKBARODA,2022,1,-1,-1,Reinvestor
BANKBARODA,2023,-1,-1,-1,Mixed
BANKBARODA,2024,-1,-1,1,Pre-Revenue
BEL,2013,-1,1,-1,Distress Signal
BEL,2014,-1,1,-1,Distress Signal
BEL,2015,1,-1,-1,Reinvestor
BEL,2016,1,-1,-1,Reinvestor
BEL,2017,-1,1,-1,Distress Signal
BEL,2018,-1,-1,-1,Mixed
BEL,2019,1,-1,-1,Reinvestor
BEL,2020,1,-1,-1,Reinvestor
BEL,2021,1,-1,-1,Reinvestor
BEL,2022,1,-1,-1,Reinvestor
BEL,2023,1,1,-1,Shareholder Returns
BEL,2024,1,-1,-1,Reinvestor
BHARTIARTL,2013,1,-1,-1,Reinvestor
BHARTIARTL,2014,1,-1,1,Growth Funded by Debt
BHARTIARTL,2015,1,-1,-1,Reinvestor
BHARTIARTL,2016,1,-1,-1,Reinvestor
BHARTIARTL,2017,1,-1,-1,Reinvestor
BHARTIARTL,2018,1,-1,1,Growth Funded by Debt
BHARTIARTL,2019,1,-1,1,Growth Funded by Debt
BHARTIARTL,2020,1,-1,1,Growth Funded by Debt
BHARTIARTL,2021,1,-1,-1,Reinvestor
BHARTIARTL,2022,1,-1,-1,Reinvestor
BHARTIARTL,2023,1,-1,-1,Reinvestor
BHARTIARTL,2024,1,-1,-1,Reinvestor
BHEL,2013,1,-1,1,Growth Funded by Debt
BHEL,2014,1,-1,1,Growth Funded by Debt
BHEL,2015,1,1,-1,Shareholder Returns
BHEL,2016,1,1,-1,Shareholder Returns
BHEL,2017,1,-1,-1,Reinvestor
BHEL,2018,1,1,-1,Shareholder Returns
BHEL,2019,-1,1,-1,Distress Signal
BHEL,2020,-1,1,1,Liquidating Assets
BHEL,2021,1,-1,-1,Reinvestor
BHEL,2022,1,-1,-1,Reinvestor
BHEL,2023,-1,1,1,Liquidating Assets
BHEL,2024,-1,1,1,Liquidating Assets
BOSCHLTD,2012,1,-1,-1,Reinvestor
BOSCHLTD,2013,1,-1,-1,Reinvestor
BOSCHLTD,2015,1,-1,-1,Reinvestor
BOSCHLTD,2016,1,-1,-1,Reinvestor
BOSCHLTD,2017,1,1,-1,Shareholder Returns
BOSCHLTD,2018,1,-1,-1,Reinvestor
BOSCHLTD,2019,1,1,-1,Shareholder Returns
BOSCHLTD,2020,1,-1,-1,Reinvestor
BOSCHLTD,2021,1,-1,-1,Reinvestor
BOSCHLTD,2022,1,-1,-1,Reinvestor
BOSCHLTD,2023,1,1,-1,Shareholder Returns
BOSCHLTD,2024,1,1,-1,Shareholder Returns
BPCL,2013,1,-1,-1,Reinvestor
BPCL,2014,1,-1,-1,Reinvestor
BPCL,2015,1,-1,-1,Reinvestor
BPCL,2016,1,-1,-1,Reinvestor
BPCL,2017,1,-1,1,Growth Funded by Debt
BPCL,2018,1,-1,-1,Reinvestor
BPCL,2019,1,-1,1,Growth Funded by Debt
BPCL,2020,1,-1,1,Growth Funded by Debt
BPCL,2021,1,-1,-1,Reinvestor
BPCL,2022,1,-1,-1,Reinvestor
BPCL,2023,1,-1,-1,Reinvestor
BPCL,2024,1,-1,-1,Reinvestor
BRITANNIA,2013,1,1,-1,Shareholder Returns
BRITANNIA,2014,1,-1,-1,Reinvestor
BRITANNIA,2015,1,-1,-1,Reinvestor
BRITANNIA,2016,1,-1,-1,Reinvestor
BRITANNIA,2017,1,-1,-1,Reinvestor
BRITANNIA,2018,1,-1,-1,Reinvestor
BRITANNIA,2019,1,-1,-1,Reinvestor
BRITANNIA,2020,1,-1,1,Growth Funded by Debt
BRITANNIA,2021,1,1,-1,Shareholder Returns
BRITANNIA,2022,1,1,-1,Shareholder Returns
BRITANNIA,2023,1,-1,-1,Reinvestor
BRITANNIA,2024,1,1,-1,Shareholder Returns
CANBK,2013,1,-1,-1,Reinvestor
CANBK,2014,1,-1,-1,Reinvestor
CANBK,2015,1,-1,-1,Reinvestor
CANBK,2016,1,-1,-1,Reinvestor
CANBK,2017,1,-1,1,Growth Funded by Debt
CANBK,2018,-1,-1,1,Pre-Revenue
CANBK,2019,1,-1,-1,Reinvestor
CANBK,2020,-1,-1,1,Pre-Revenue
CANBK,2021,1,-1,1,Growth Funded by Debt
CANBK,2022,1,-1,1,Growth Funded by Debt
CANBK,2023,-1,-1,1,Pre-Revenue
CANBK,2024,1,-1,-1,Reinvestor
CHOLAFIN,2013,-1,1,1,Liquidating Assets
CHOLAFIN,2014,-1,-1,1,Pre-Revenue
CHOLAFIN,2015,-1,-1,1,Pre-Revenue
CHOLAFIN,2016,-1,-1,1,Pre-Revenue
CHOLAFIN,2017,-1,-1,1,Pre-Revenue
CHOLAFIN,2018,-1,-1,1,Pre-Revenue
CHOLAFIN,2019,-1,-1,1,Pre-Revenue
CHOLAFIN,2020,-1,-1,1,Pre-Revenue
CHOLAFIN,2021,-1,-1,1,Pre-Revenue
CHOLAFIN,2022,-1,1,1,Liquidating Assets
CHOLAFIN,2023,-1,-1,1,Pre-Revenue
CHOLAFIN,2024,-1,-1,1,Pre-Revenue
CIPLA,2013,1,-1,1,Growth Funded by Debt
CIPLA,2014,1,-1,-1,Reinvestor
CIPLA,2015,1,-1,1,Growth Funded by Debt
CIPLA,2016,1,-1,1,Growth Funded by Debt
CIPLA,2017,1,-1,-1,Reinvestor
CIPLA,2018,1,-1,-1,Reinvestor
CIPLA,2019,1,-1,-1,Reinvestor
CIPLA,2020,1,1,-1,Shareholder Returns
CIPLA,2021,1,-1,-1,Reinvestor
CIPLA,2022,1,-1,-1,Reinvestor
CIPLA,2023,1,-1,-1,Reinvestor
CIPLA,2024,1,-1,-1,Reinvestor
COALINDIA,2013,1,-1,-1,Reinvestor
COALINDIA,2014,1,1,-1,Shareholder Returns
COALINDIA,2015,1,1,-1,Shareholder Returns
COALINDIA,2016,1,1,-1,Shareholder Returns
COALINDIA,2017,1,1,-1,Shareholder Returns
COALINDIA,2018,1,-1,-1,Reinvestor
COALINDIA,2019,1,-1,-1,Reinvestor
COALINDIA,2020,1,1,-1,Shareholder Returns
COALINDIA,2021,1,1,-1,Shareholder Returns
COALINDIA,2022,1,-1,-1,Reinvestor
COALINDIA,2023,1,-1,-1,Reinvestor
COALINDIA,2024,1,-1,-1,Reinvestor
DABUR,2013,1,-1,-1,Reinvestor
DABUR,2014,1,-1,-1,Reinvestor
DABUR,2015,1,-1,-1,Reinvestor
DABUR,2016,1,-1,-1,Reinvestor
DABUR,2017,1,-1,-1,Reinvestor
DABUR,2018,1,-1,-1,Reinvestor
DABUR,2019,1,1,-1,Shareholder Returns
DABUR,2020,1,-1,-1,Reinvestor
DABUR,2021,1,-1,-1,Reinvestor
DABUR,2022,1,-1,-1,Reinvestor
DABUR,2023,1,-1,-1,Reinvestor
DABUR,2024,1,-1,-1,Reinvestor
DIVISLAB,2013,1,-1,-1,Reinvestor
DIVISLAB,2014,1,-1,-1,Reinvestor
DIVISLAB,2015,1,-1,-1,Reinvestor
DIVISLAB,2016,1,-1,-1,Reinvestor
DIVISLAB,2017,1,-1,1,Growth Funded by Debt
DIVISLAB,2018,1,-1,-1,Reinvestor
DIVISLAB,2019,1,-1,-1,Reinvestor
DIVISLAB,2020,1,-1,-1,Reinvestor
DIVISLAB,2021,1,1,-1,Shareholder Returns
DIVISLAB,2022,1,-1,-1,Reinvestor
DIVISLAB,2023,1,-1,-1,Reinvestor
DIVISLAB,2024,1,-1,-1,Reinvestor
DLF,2013,1,1,-1,Shareholder Returns
DLF,2014,1,1,-1,Shareholder Returns
DLF,2015,1,1,-1,Shareholder Returns
DLF,2016,1,-1,-1,Reinvestor
DLF,2017,-1,1,1,Liquidating Assets
DLF,2018,1,-1,-1,Reinvestor
DLF,2019,1,1,1,Cash Accumulator
DLF,2020,1,1,-1,Shareholder Returns
DLF,2021,1,1,-1,Shareholder Returns
DLF,2022,1,1,-1,Shareholder Returns
DLF,2023,1,-1,-1,Reinvestor
DLF,2024,1,-1,1,Growth Funded by Debt
DMART,2013,1,-1,1,Growth Funded by Debt
DMART,2014,1,-1,1,Growth Funded by Debt
DMART,2015,1,-1,1,Growth Funded by Debt
DMART,2016,1,-1,1,Growth Funded by Debt
DMART,2017,1,-1,1,Growth Funded by Debt
DMART,2018,1,1,-1,Shareholder Returns
DMART,2019,1,-1,1,Growth Funded by Debt
DMART,2020,1,-1,1,Growth Funded by Debt
DMART,2021,1,-1,-1,Reinvestor
DMART,2022,1,-1,-1,Reinvestor
DMART,2023,1,-1,-1,Reinvestor
DMART,2024,1,-1,-1,Reinvestor
DRREDDY,2013,1,-1,-1,Reinvestor
DRREDDY,2014,1,-1,-1,Reinvestor
DRREDDY,2015,1,-1,-1,Reinvestor
DRREDDY,2016,1,-1,-1,Reinvestor
DRREDDY,2017,1,-1,-1,Reinvestor
DRREDDY,2018,1,-1,-1,Reinvestor
DRREDDY,2019,1,-1,-1,Reinvestor
DRREDDY,2020,1,-1,-1,Reinvestor
DRREDDY,2021,1,-1,-1,Reinvestor
DRREDDY,2022,1,-1,-1,Reinvestor
DRREDDY,2023,1,-1,-1,Reinvestor
DRREDDY,2024,1,-1,-1,Reinvestor
EICHERMOT,2012,1,-1,-1,Reinvestor
EICHERMOT,2013,1,-1,-1,Reinvestor
EICHERMOT,2014,1,-1,-1,Reinvestor
EICHERMOT,2016,1,-1,-1,Reinvestor
EICHERMOT,2017,1,-1,1,Growth Funded by Debt
EICHERMOT,2018,1,-1,-1,Reinvestor
EICHERMOT,2019,1,-1,-1,Reinvestor
EICHERMOT,2020,1,-1,-1,Reinvestor
EICHERMOT,2021,1,-1,-1,Reinvestor
EICHERMOT,2022,1,-1,-1,Reinvestor
EICHERMOT,2023,1,-1,-1,Reinvestor
EICHERMOT,2024,1,-1,-1,Reinvestor
GAIL,2013,1,-1,1,Growth Funded by Debt
GAIL,2014,1,-1,-1,Reinvestor
GAIL,2015,1,-1,-1,Reinvestor
GAIL,2016,1,-1,-1,Reinvestor
GAIL,2017,1,-1,-1,Reinvestor
GAIL,2018,1,-1,-1,Reinvestor
GAIL,2019,1,-1,-1,Reinvestor
GAIL,2020,1,-1,1,Growth Funded by Debt
GAIL,2021,1,-1,-1,Reinvestor
GAIL,2022,1,-1,-1,Reinvestor
GAIL,2023,1,-1,1,Growth Funded by Debt
GAIL,2024,1,-1,-1,Reinvestor
GODREJCP,2013,1,-1,1,Growth Funded by Debt
GODREJCP,2014,1,-1,-1,Reinvestor
GODREJCP,2015,1,-1,-1,Reinvestor
GODREJCP,2016,1,-1,-1,Reinvestor
GODREJCP,2017,1,-1,1,Growth Funded by Debt
GODREJCP,2018,1,-1,-1,Reinvestor
GODREJCP,2019,1,1,-1,Shareholder Returns
GODREJCP,2020,1,-1,-1,Reinvestor
GODREJCP,2021,1,-1,-1,Reinvestor
GODREJCP,2022,1,-1,-1,Reinvestor
GODREJCP,2023,1,-1,-1,Reinvestor
GODREJCP,2024,1,-1,1,Growth Funded by Debt
GRASIM,2013,1,-1,1,Growth Funded by Debt
GRASIM,2014,1,-1,-1,Reinvestor
GRASIM,2015,1,-1,-1,Reinvestor
GRASIM,2016,1,-1,-1,Reinvestor
GRASIM,2017,1,-1,-1,Reinvestor
GRASIM,2018,-1,1,1,Liquidating Assets
GRASIM,2019,-1,-1,1,Pre-Revenue
GRASIM,2020,1,-1,-1,Reinvestor
GRASIM,2021,1,-1,-1,Reinvestor
GRASIM,2022,1,-1,-1,Reinvestor
GRASIM,2023,-1,-1,1,Pre-Revenue
GRASIM,2024,-1,-1,1,Pre-Revenue
HAL,2017,-1,1,-1,Distress Signal
HAL,2018,-1,1,-1,Distress Signal
HAL,2019,-1,1,1,Liquidating Assets
HAL,2020,1,-1,1,Growth Funded by Debt
HAL,2021,1,-1,-1,Reinvestor
HAL,2022,1,-1,-1,Reinvestor
HAL,2023,1,-1,-1,Reinvestor
HAL,2024,1,-1,-1,Reinvestor
HAVELLS,2013,1,-1,-1,Reinvestor
HAVELLS,2014,1,-1,-1,Reinvestor
HAVELLS,2015,1,-1,-1,Reinvestor
HAVELLS,2016,1,-1,-1,Reinvestor
HAVELLS,2017,1,-1,-1,Reinvestor
HAVELLS,2018,1,-1,-1,Reinvestor
HAVELLS,2019,1,1,-1,Shareholder Returns
HAVELLS,2020,1,-1,-1,Reinvestor
HAVELLS,2021,1,-1,1,Growth Funded by Debt
HAVELLS,2022,1,-1,-1,Reinvestor
HAVELLS,2023,1,1,-1,Shareholder Returns
HAVELLS,2024,1,-1,-1,Reinvestor
HCLTECH,2013,1,-1,-1,Reinvestor
HCLTECH,2014,1,-1,-1,Reinvestor
HCLTECH,2015,1,-1,-1,Reinvestor
HCLTECH,2016,1,-1,-1,Reinvestor
HCLTECH,2017,1,-1,-1,Reinvestor
HCLTECH,2018,1,-1,-1,Reinvestor
HCLTECH,2019,1,-1,-1,Reinvestor
HCLTECH,2020,1,-1,-1,Reinvestor
HCLTECH,2021,1,-1,-1,Reinvestor
HCLTECH,2022,1,1,-1,Shareholder Returns
HCLTECH,2023,1,-1,-1,Reinvestor
HCLTECH,2024,1,-1,-1,Reinvestor
HDFCBANK,2013,-1,-1,1,Pre-Revenue
HDFCBANK,2014,1,-1,1,Growth Funded by Debt
HDFCBANK,2015,-1,-1,1,Pre-Revenue
HDFCBANK,2016,-1,-1,1,Pre-Revenue
HDFCBANK,2017,1,-1,-1,Reinvestor
HDFCBANK,2018,1,-1,1,Growth Funded by Debt
HDFCBANK,2019,-1,-1,1,Pre-Revenue
HDFCBANK,2020,-1,-1,1,Pre-Revenue
HDFCBANK,2021,1,-1,-1,Reinvestor
HDFCBANK,2022,-1,-1,1,Pre-Revenue
HDFCBANK,2023,1,-1,1,Growth Funded by Debt
HDFCBANK,2024,1,1,-1,Shareholder Returns
HDFCLIFE,2013,-1,-1,-1,Mixed
HDFCLIFE,2014,-1,-1,-1,Mixed
HDFCLIFE,2015,1,-1,-1,Reinvestor
HDFCLIFE,2016,1,-1,-1,Reinvestor
HDFCLIFE,2017,1,-1,-1,Reinvestor
HDFCLIFE,2018,1,-1,-1,Reinvestor
HDFCLIFE,2019,1,-1,-1,Reinvestor
HDFCLIFE,2020,1,-1,1,Growth Funded by Debt
HDFCLIFE,2021,1,-1,1,Growth Funded by Debt
HDFCLIFE,2022,1,-1,-1,Reinvestor
HDFCLIFE,2023,1,-1,1,Growth Funded by Debt
HDFCLIFE,2024,1,-1,-1,Reinvestor
HEROMOTOCO,2014,1,-1,-1,Reinvestor
HEROMOTOCO,2015,1,1,-1,Shareholder Returns
HEROMOTOCO,2016,1,-1,-1,Reinvestor
HEROMOTOCO,2017,1,-1,-1,Reinvestor
HEROMOTOCO,2018,1,-1,-1,Reinvestor
HEROMOTOCO,2019,1,1,-1,Shareholder Returns
HEROMOTOCO,2020,1,-1,-1,Reinvestor
HEROMOTOCO,2021,1,-1,-1,Reinvestor
HEROMOTOCO,2022,1,-1,-1,Reinvestor
HEROMOTOCO,2023,1,-1,-1,Reinvestor
HEROMOTOCO,2024,1,-1,-1,Reinvestor
HINDALCO,2013,1,-1,1,Growth Funded by Debt
HINDALCO,2014,1,-1,1,Growth Funded by Debt
HINDALCO,2015,1,-1,-1,Reinvestor
HINDALCO,2016,1,-1,-1,Reinvestor
HINDALCO,2017,1,-1,-1,Reinvestor
HINDALCO,2018,1,1,-1,Shareholder Returns
HINDALCO,2019,1,-1,-1,Reinvestor
HINDALCO,2020,1,-1,1,Growth Funded by Debt
HINDALCO,2021,1,-1,-1,Reinvestor
HINDALCO,2022,1,-1,-1,Reinvestor
HINDALCO,2023,1,-1,-1,Reinvestor
HINDALCO,2024,1,-1,-1,Reinvestor
HINDUNILVR,2013,1,1,-1,Shareholder Returns
HINDUNILVR,2014,1,-1,-1,Reinvestor
HINDUNILVR,2015,1,1,-1,Shareholder Returns
HINDUNILVR,2016,1,-1,-1,Reinvestor
HINDUNILVR,2017,1,-1,-1,Reinvestor
HINDUNILVR,2018,1,-1,-1,Reinvestor
HINDUNILVR,2019,1,-1,-1,Reinvestor
HINDUNILVR,2020,1,1,-1,Shareholder Returns
HINDUNILVR,2021,1,-1,-1,Reinvestor
HINDUNILVR,2022,1,-1,-1,Reinvestor
HINDUNILVR,2023,1,-1,-1,Reinvestor
HINDUNILVR,2024,1,-1,-1,Reinvestor
ICICIBANK,2013,1,-1,1,Growth Funded by Debt
ICICIBANK,2014,1,-1,1,Growth Funded by Debt
ICICIBANK,2015,-1,-1,1,Pre-Revenue
ICICIBANK,2016,1,-1,1,Growth Funded by Debt
ICICIBANK,2017,1,-1,-1,Reinvestor
ICICIBANK,2018,1,-1,1,Growth Funded by Debt
ICICIBANK,2019,1,-1,-1,Reinvestor
ICICIBANK,2020,1,-1,1,Growth Funded by Debt
ICICIBANK,2021,1,-1,-1,Reinvestor
ICICIBANK,2022,1,-1,1,Growth Funded by Debt
ICICIBANK,2023,-1,-1,1,Pre-Revenue
ICICIBANK,2024,1,-1,1,Growth Funded by Debt
ICICIGI,2013,1,-1,1,Growth Funded by Debt
ICICIGI,2014,1,-1,1,Growth Funded by Debt
ICICIGI,2015,-1,1,-1,Distress Signal
ICICIGI,2016,1,-1,-1,Reinvestor
ICICIGI,2017,1,-1,1,Growth Funded by Debt
ICICIGI,2018,1,-1,-1,Reinvestor
ICICIGI,2019,1,-1,-1,Reinvestor
ICICIGI,2020,1,-1,-1,Reinvestor
ICICIGI,2021,1,-1,-1,Reinvestor
ICICIGI,2022,1,1,-1,Shareholder Returns
ICICIGI,2023,1,-1,-1,Reinvestor
ICICIGI,2024,1,-1,-1,Reinvestor
ICICIPRULI,2013,-1,1,-1,Distress Signal
ICICIPRULI,2014,-1,1,-1,Distress Signal
ICICIPRULI,2015,1,-1,-1,Reinvestor
ICICIPRULI,2016,1,1,-1,Shareholder Returns
ICICIPRULI,2017,1,-1,-1,Reinvestor
ICICIPRULI,2018,1,-1,-1,Reinvestor
ICICIPRULI,2019,1,-1,-1,Reinvestor
ICICIPRULI,2020,1,-1,-1,Reinvestor
ICICIPRULI,2021,1,-1,1,Growth Funded by Debt
ICICIPRULI,2022,1,-1,-1,Reinvestor
ICICIPRULI,2023,1,-1,-1,Reinvestor
ICICIPRULI,2024,-1,1,-1,Distress Signal
INDIGO,2013,1,-1,1,Growth Funded by Debt
INDIGO,2014,1,-1,1,Growth Funded by Debt
INDIGO,2015,1,-1,-1,Reinvestor
INDIGO,2016,1,-1,-1,Reinvestor
INDIGO,2017,1,-1,-1,Reinvestor
INDIGO,2018,1,-1,1,Growth Funded by Debt
INDIGO,2019,1,-1,-1,Reinvestor
INDIGO,2020,1,-1,-1,Reinvestor
INDIGO,2021,-1,1,-1,Distress Signal
INDIGO,2022,1,1,-1,Shareholder Returns
INDIGO,2023,1,-1,-1,Reinvestor
INDIGO,2024,1,-1,-1,Reinvestor
INDUSINDBK,2013,-1,-1,1,Pre-Revenue
INDUSINDBK,2014,-1,-1,1,Pre-Revenue
INDUSINDBK,2015,-1,-1,1,Pre-Revenue
INDUSINDBK,2016,-1,-1,1,Pre-Revenue
INDUSINDBK,2017,1,-1,-1,Reinvestor
INDUSINDBK,2018,-1,-1,1,Pre-Revenue
INDUSINDBK,2019,-1,-1,1,Pre-Revenue
INDUSINDBK,2020,-1,1,1,Liquidating Assets
INDUSINDBK,2021,1,-1,-1,Reinvestor
INDUSINDBK,2022,1,-1,-1,Reinvestor
INDUSINDBK,2023,-1,-1,1,Pre-Revenue
INDUSINDBK,2024,-1,-1,-1,Mixed
INFY,2013,1,-1,-1,Reinvestor
INFY,2014,1,-1,-1,Reinvestor
INFY,2015,1,1,-1,Shareholder Returns
INFY,2016,1,-1,-1,Reinvestor
INFY,2017,1,-1,-1,Reinvestor
INFY,2018,1,1,-1,Shareholder Returns
INFY,2019,1,-1,-1,Reinvestor
INFY,2020,1,-1,-1,Reinvestor
INFY,2021,1,-1,-1,Reinvestor
INFY,2022,1,-1,-1,Reinvestor
INFY,2023,1,-1,-1,Reinvestor
INFY,2024,1,-1,-1,Reinvestor
IOC,2013,1,-1,1,Growth Funded by Debt
IOC,2014,1,-1,-1,Reinvestor
IOC,2015,1,-1,-1,Reinvestor
IOC,2016,1,-1,-1,Reinvestor
IOC,2017,1,-1,-1,Reinvestor
IOC,2018,1,-1,-1,Reinvestor
IOC,2019,1,-1,1,Growth Funded by Debt
IOC,2020,1,-1,1,Growth Funded by Debt
IOC,2021,1,-1,-1,Reinvestor
IOC,2022,1,-1,-1,Reinvestor
IOC,2023,1,-1,-1,Reinvestor
IOC,2024,1,-1,-1,Reinvestor
IRCTC,2015,1,-1,-1,Reinvestor
IRCTC,2016,1,1,-1,Shareholder Returns
IRCTC,2017,1,1,-1,Shareholder Returns
IRCTC,2018,1,1,-1,Shareholder Returns
IRCTC,2019,1,-1,-1,Reinvestor
IRCTC,2020,1,1,-1,Shareholder Returns
IRCTC,2021,1,-1,-1,Reinvestor
IRCTC,2022,1,-1,-1,Reinvestor
IRCTC,2023,1,-1,-1,Reinvestor
IRCTC,2024,1,-1,-1,Reinvestor
IRFC,2016,-1,1,1,Liquidating Assets
IRFC,2017,-1,1,1,Liquidating Assets
IRFC,2018,-1,1,1,Liquidating Assets
IRFC,2019,-1,1,1,Liquidating Assets
IRFC,2020,-1,1,1,Liquidating Assets
IRFC,2021,-1,-1,1,Pre-Revenue
IRFC,2022,-1,-1,1,Pre-Revenue
IRFC,2023,-1,-1,1,Pre-Revenue
IRFC,2024,1,-1,-1,Reinvestor
ITC,2013,1,-1,-1,Reinvestor
ITC,2014,1,-1,-1,Reinvestor
ITC,2015,1,-1,-1,Reinvestor
ITC,2016,1,-1,-1,Reinvestor
ITC,2017,1,-1,-1,Reinvestor
ITC,2018,1,-1,-1,Reinvestor
ITC,2019,1,-1,-1,Reinvestor
ITC,2020,1,-1,-1,Reinvestor
ITC,2021,1,1,-1,Shareholder Returns
ITC,2022,1,-1,-1,Reinvestor
ITC,2023,1,-1,-1,Reinvestor
ITC,2024,1,1,-1,Shareholder Returns
JINDALSTEL,2013,1,-1,1,Growth Funded by Debt
JINDALSTEL,2014,1,-1,1,Growth Funded by Debt
JINDALSTEL,2015,1,-1,1,Growth Funded by Debt
JINDALSTEL,2016,1,-1,-1,Reinvestor
JINDALSTEL,2017,1,-1,-1,Reinvestor
JINDALSTEL,2018,1,-1,-1,Reinvestor
JINDALSTEL,2019,1,-1,-1,Reinvestor
JINDALSTEL,2020,1,-1,-1,Reinvestor
JINDALSTEL,2021,1,-1,-1,Reinvestor
JINDALSTEL,2022,1,-1,-1,Reinvestor
JINDALSTEL,2023,1,-1,-1,Reinvestor
JINDALSTEL,2024,1,-1,1,Growth Funded by Debt
JIOFIN,2023,1,-1,-1,Reinvestor
JIOFIN,2024,-1,1,-1,Distress Signal
JSWENERGY,2013,1,-1,-1,Reinvestor
JSWENERGY,2014,1,-1,-1,Reinvestor
JSWENERGY,2015,1,-1,-1,Reinvestor
JSWENERGY,2016,1,-1,-1,Reinvestor
JSWENERGY,2017,1,-1,-1,Reinvestor
JSWENERGY,2018,1,-1,-1,Reinvestor
JSWENERGY,2019,1,-1,-1,Reinvestor
JSWENERGY,2020,1,1,-1,Shareholder Returns
JSWENERGY,2021,1,-1,-1,Reinvestor
JSWENERGY,2022,1,-1,-1,Reinvestor
JSWENERGY,2023,1,-1,1,Growth Funded by Debt
JSWENERGY,2024,1,-1,1,Growth Funded by Debt
JSWSTEEL,2013,1,-1,-1,Reinvestor
JSWSTEEL,2014,1,-1,1,Growth Funded by Debt
JSWSTEEL,2015,1,-1,-1,Reinvestor
JSWSTEEL,2016,1,-1,-1,Reinvestor
JSWSTEEL,2017,1,-1,-1,Reinvestor
JSWSTEEL,2018,1,-1,-1,Reinvestor
JSWSTEEL,2019,1,-1,1,Growth Funded by Debt
JSWSTEEL,2020,1,-1,1,Growth Funded by Debt
JSWSTEEL,2021,1,-1,-1,Reinvestor
JSWSTEEL,2022,1,-1,-1,Reinvestor
JSWSTEEL,2023,1,-1,-1,Reinvestor
JSWSTEEL,2024,1,-1,-1,Reinvestor
KOTAKBANK,2013,1,-1,1,Growth Funded by Debt
KOTAKBANK,2014,1,-1,-1,Reinvestor
KOTAKBANK,2015,1,-1,1,Growth Funded by Debt
KOTAKBANK,2016,1,-1,1,Growth Funded by Debt
KOTAKBANK,2017,1,-1,1,Growth Funded by Debt
KOTAKBANK,2018,-1,-1,1,Pre-Revenue
KOTAKBANK,2019,1,-1,1,Growth Funded by Debt
KOTAKBANK,2020,1,-1,-1,Reinvestor
KOTAKBANK,2021,1,-1,-1,Reinvestor
KOTAKBANK,2022,1,-1,1,Growth Funded by Debt
KOTAKBANK,2023,-1,-1,1,Pre-Revenue
KOTAKBANK,2024,1,-1,1,Growth Funded by Debt
LICI,2019,1,1,-1,Shareholder Returns
LICI,2020,1,-1,-1,Reinvestor
LICI,2021,1,1,-1,Shareholder Returns
LICI,2022,-1,1,-1,Distress Signal
LICI,2023,1,-1,-1,Reinvestor
LICI,2024,1,-1,-1,Reinvestor
LODHA,2016,1,-1,1,Growth Funded by Debt
LODHA,2017,1,-1,-1,Reinvestor
LODHA,2018,1,-1,1,Growth Funded by Debt
LODHA,2019,-1,-1,1,Pre-Revenue
LODHA,2020,1,1,-1,Shareholder Returns
LODHA,2021,1,1,-1,Shareholder Returns
LODHA,2022,1,1,-1,Shareholder Returns
LODHA,2023,1,1,-1,Shareholder Returns
LODHA,2024,1,-1,1,Growth Funded by Debt
LT,2013,-1,-1,1,Pre-Revenue
LT,2014,-1,-1,1,Pre-Revenue
LT,2015,-1,-1,1,Pre-Revenue
LT,2016,-1,-1,1,Pre-Revenue
LT,2017,1,-1,1,Growth Funded by Debt
LT,2018,-1,1,1,Liquidating Assets
LT,2019,-1,-1,1,Pre-Revenue
LT,2020,1,-1,1,Growth Funded by Debt
LT,2021,1,-1,-1,Reinvestor
LT,2022,1,-1,-1,Reinvestor
LT,2023,1,-1,-1,Reinvestor
LT,2024,1,1,-1,Shareholder Returns
LTIM,2013,1,-1,-1,Reinvestor
LTIM,2014,1,1,-1,Shareholder Returns
LTIM,2015,1,-1,-1,Reinvestor
LTIM,2016,1,-1,-1,Reinvestor
LTIM,2017,1,-1,-1,Reinvestor
LTIM,2018,1,-1,-1,Reinvestor
LTIM,2019,1,-1,-1,Reinvestor
LTIM,2020,1,-1,-1,Reinvestor
LTIM,2021,1,-1,-1,Reinvestor
LTIM,2022,1,-1,-1,Reinvestor
LTIM,2023,1,-1,-1,Reinvestor
LTIM,2024,1,-1,-1,Reinvestor
MARUTI,2013,1,-1,-1,Reinvestor
MARUTI,2014,1,-1,-1,Reinvestor
MARUTI,2015,1,-1,-1,Reinvestor
MARUTI,2016,1,-1,-1,Reinvestor
MARUTI,2017,1,-1,-1,Reinvestor
MARUTI,2018,1,-1,-1,Reinvestor
MARUTI,2019,1,-1,-1,Reinvestor
MARUTI,2020,1,-1,-1,Reinvestor
MARUTI,2021,1,-1,-1,Reinvestor
MARUTI,2022,1,-1,-1,Reinvestor
MARUTI,2023,1,-1,-1,Reinvestor
MARUTI,2024,1,-1,-1,Reinvestor
MM,2013,-1,-1,1,Pre-Revenue
MM,2014,-1,-1,1,Pre-Revenue
MM,2015,1,-1,1,Growth Funded by Debt
MM,2016,1,-1,1,Growth Funded by Debt
MM,2017,1,-1,1,Growth Funded by Debt
MM,2018,1,-1,1,Growth Funded by Debt
MM,2019,-1,-1,1,Pre-Revenue
MM,2020,-1,-1,1,Pre-Revenue
MM,2021,1,-1,1,Growth Funded by Debt
MM,2022,1,-1,-1,Reinvestor
MM,2023,-1,-1,1,Pre-Revenue
MM,2024,-1,-1,1,Pre-Revenue
MOTHERSON,2013,1,-1,-1,Reinvestor
MOTHERSON,2014,1,-1,-1,Reinvestor
MOTHERSON,2015,1,-1,1,Growth Funded by Debt
MOTHERSON,2016,1,-1,-1,Reinvestor
MOTHERSON,2017,1,-1,1,Growth Funded by Debt
MOTHERSON,2018,1,-1,-1,Reinvestor
MOTHERSON,2019,1,-1,-1,Reinvestor
MOTHERSON,2020,1,-1,-1,Reinvestor
MOTHERSON,2021,1,-1,-1,Reinvestor
MOTHERSON,2022,1,-1,-1,Reinvestor
MOTHERSON,2023,1,-1,-1,Reinvestor
MOTHERSON,2024,1,-1,1,Growth Funded by Debt
NAUKRI,2013,1,-1,-1,Reinvestor
NAUKRI,2014,1,-1,1,Growth Funded by Debt
NAUKRI,2015,1,-1,1,Growth Funded by Debt
NAUKRI,2016,1,-1,-1,Reinvestor
NAUKRI,2017,1,-1,-1,Reinvestor
NAUKRI,2018,1,-1,-1,Reinvestor
NAUKRI,2019,1,-1,-1,Reinvestor
NAUKRI,2020,1,1,-1,Shareholder Returns
NAUKRI,2021,1,-1,1,Growth Funded by Debt
NAUKRI,2022,1,-1,1,Growth Funded by Debt
NAUKRI,2023,1,-1,1,Growth Funded by Debt
NAUKRI,2024,1,-1,1,Growth Funded by Debt
NESTLEIND,2013,1,-1,-1,Reinvestor
NESTLEIND,2014,1,-1,-1,Reinvestor
NESTLEIND,2015,1,-1,-1,Reinvestor
NESTLEIND,2016,1,-1,-1,Reinvestor
NESTLEIND,2017,1,-1,-1,Reinvestor
NESTLEIND,2018,1,-1,-1,Reinvestor
NESTLEIND,2019,1,1,-1,Shareholder Returns
NESTLEIND,2020,1,-1,-1,Reinvestor
NESTLEIND,2021,1,-1,-1,Reinvestor
NESTLEIND,2022,1,-1,-1,Reinvestor
NESTLEIND,2023,1,-1,-1,Reinvestor
NESTLEIND,2024,1,-1,-1,Reinvestor
NHPC,2013,1,-1,-1,Reinvestor
NHPC,2014,1,-1,-1,Reinvestor
NHPC,2015,1,-1,-1,Reinvestor
NHPC,2016,1,-1,-1,Reinvestor
NHPC,2017,1,-1,-1,Reinvestor
NHPC,2018,1,-1,-1,Reinvestor
NHPC,2019,1,-1,-1,Reinvestor
NHPC,2020,1,-1,1,Growth Funded by Debt
NHPC,2021,1,-1,-1,Reinvestor
NHPC,2022,1,-1,-1,Reinvestor
NHPC,2023,1,-1,-1,Reinvestor
NHPC,2024,1,-1,-1,Reinvestor
NTPC,2013,1,-1,1,Growth Funded by Debt
NTPC,2014,1,-1,-1,Reinvestor
NTPC,2015,1,-1,-1,Reinvestor
NTPC,2016,1,-1,-1,Reinvestor
NTPC,2017,1,-1,1,Growth Funded by Debt
NTPC,2018,1,-1,1,Growth Funded by Debt
NTPC,2019,1,-1,1,Growth Funded by Debt
NTPC,2020,1,-1,1,Growth Funded by Debt
NTPC,2021,1,-1,-1,Reinvestor
NTPC,2022,1,-1,-1,Reinvestor
NTPC,2023,1,-1,-1,Reinvestor
NTPC,2024,1,-1,-1,Reinvestor
ONGC,2013,1,-1,-1,Reinvestor
ONGC,2014,1,-1,1,Growth Funded by Debt
ONGC,2015,1,-1,-1,Reinvestor
ONGC,2016,1,-1,-1,Reinvestor
ONGC,2017,1,-1,-1,Reinvestor
ONGC,2018,1,-1,1,Growth Funded by Debt
ONGC,2019,1,-1,-1,Reinvestor
ONGC,2020,1,-1,-1,Reinvestor
ONGC,2021,1,-1,-1,Reinvestor
ONGC,2022,1,-1,-1,Reinvestor
ONGC,2023,1,-1,-1,Reinvestor
ONGC,2024,1,-1,-1,Reinvestor
PFC,2013,-1,1,1,Liquidating Assets
PFC,2014,-1,1,1,Liquidating Assets
PFC,2015,-1,-1,1,Pre-Revenue
PFC,2016,-1,-1,1,Pre-Revenue
PFC,2017,1,-1,1,Growth Funded by Debt
PFC,2018,-1,1,1,Liquidating Assets
PFC,2019,-1,-1,1,Pre-Revenue
PFC,2020,-1,-1,1,Pre-Revenue
PFC,2021,-1,1,1,Liquidating Assets
PFC,2022,1,-1,-1,Reinvestor
PFC,2023,-1,-1,1,Pre-Revenue
PFC,2024,-1,-1,1,Pre-Revenue
PIDILITIND,2013,1,-1,-1,Reinvestor
PIDILITIND,2014,1,-1,-1,Reinvestor
PIDILITIND,2015,1,-1,-1,Reinvestor
PIDILITIND,2016,1,-1,-1,Reinvestor
PIDILITIND,2017,1,-1,1,Growth Funded by Debt
PIDILITIND,2018,1,1,-1,Shareholder Returns
PIDILITIND,2019,1,-1,-1,Reinvestor
PIDILITIND,2020,1,1,-1,Shareholder Returns
PIDILITIND,2021,1,-1,-1,Reinvestor
PIDILITIND,2022,1,-1,-1,Reinvestor
PIDILITIND,2023,1,-1,-1,Reinvestor
PIDILITIND,2024,1,-1,-1,Reinvestor
PNB,2013,-1,-1,-1,Mixed
PNB,2014,1,-1,1,Growth Funded by Debt
PNB,2015,1,-1,1,Growth Funded by Debt
PNB,2016,1,-1,1,Growth Funded by Debt
PNB,2017,1,1,-1,Shareholder Returns
PNB,2018,-1,1,1,Liquidating Assets
PNB,2019,-1,-1,1,Pre-Revenue
PNB,2020,-1,-1,1,Pre-Revenue
PNB,2021,1,-1,1,Growth Funded by Debt
PNB,2022,1,-1,1,Growth Funded by Debt
PNB,2023,1,-1,1,Growth Funded by Debt
PNB,2024,-1,-1,1,Pre-Revenue
POWERGRID,2013,1,-1,1,Growth Funded by Debt
POWERGRID,2014,1,-1,1,Growth Funded by Debt
POWERGRID,2015,1,-1,1,Growth Funded by Debt
POWERGRID,2016,1,-1,1,Growth Funded by Debt
POWERGRID,2017,1,-1,1,Growth Funded by Debt
POWERGRID,2018,1,-1,1,Growth Funded by Debt
POWERGRID,2019,1,-1,-1,Reinvestor
POWERGRID,2020,1,-1,-1,Reinvestor
POWERGRID,2021,1,-1,-1,Reinvestor
POWERGRID,2022,1,1,-1,Shareholder Returns
POWERGRID,2023,1,-1,-1,Reinvestor
POWERGRID,2024,1,-1,-1,Reinvestor
RECLTD,2013,-1,1,1,Liquidating Assets
RECLTD,2014,-1,1,1,Liquidating Assets
RECLTD,2015,-1,1,1,Liquidating Assets
RECLTD,2016,-1,-1,1,Pre-Revenue
RECLTD,2017,1,-1,-1,Reinvestor
RECLTD,2018,-1,1,1,Liquidating Assets
RECLTD,2019,-1,1,1,Liquidating Assets
RECLTD,2020,-1,1,1,Liquidating Assets
RECLTD,2021,-1,1,1,Liquidating Assets
RECLTD,2022,-1,-1,1,Pre-Revenue
RECLTD,2023,-1,-1,1,Pre-Revenue
RECLTD,2024,-1,-1,1,Pre-Revenue
RELIANCE,2013,1,-1,1,Growth Funded by Debt
RELIANCE,2014,1,-1,1,Growth Funded by Debt
RELIANCE,2015,1,-1,1,Growth Funded by Debt
RELIANCE,2016,1,-1,-1,Reinvestor
RELIANCE,2017,1,-1,1,Growth Funded by Debt
RELIANCE,2018,1,-1,-1,Reinvestor
RELIANCE,2019,1,-1,1,Growth Funded by Debt
RELIANCE,2020,1,-1,-1,Reinvestor
RELIANCE,2021,1,-1,1,Growth Funded by Debt
RELIANCE,2022,1,-1,1,Growth Funded by Debt
RELIANCE,2023,1,-1,1,Growth Funded by Debt
RELIANCE,2024,1,-1,-1,Reinvestor
SBILIFE,2013,1,-1,-1,Reinvestor
SBILIFE,2014,1,-1,-1,Reinvestor
SBILIFE,2015,1,-1,-1,Reinvestor
SBILIFE,2016,1,-1,-1,Reinvestor
SBILIFE,2017,1,-1,-1,Reinvestor
SBILIFE,2018,1,-1,-1,Reinvestor
SBILIFE,2019,1,-1,-1,Reinvestor
SBILIFE,2020,1,-1,-1,Reinvestor
SBILIFE,2021,1,-1,1,Growth Funded by Debt
SBILIFE,2022,1,-1,-1,Reinvestor
SBILIFE,2023,1,-1,-1,Reinvestor
SBILIFE,2024,1,-1,-1,Reinvestor
SBIN,2013,1,-1,-1,Reinvestor
SBIN,2014,1,-1,1,Growth Funded by Debt
SBIN,2015,1,-1,-1,Reinvestor
SBIN,2016,1,-1,1,Growth Funded by Debt
SBIN,2017,1,-1,-1,Reinvestor
SBIN,2018,-1,1,1,Liquidating Assets
SBIN,2019,1,1,1,Cash Accumulator
SBIN,2020,1,-1,1,Growth Funded by Debt
SBIN,2021,1,-1,1,Growth Funded by Debt
SBIN,2022,1,-1,-1,Reinvestor
SBIN,2023,-1,-1,1,Pre-Revenue
SBIN,2024,1,-1,-1,Reinvestor
SHREECEM,2013,1,-1,-1,Reinvestor
SHREECEM,2014,1,-1,-1,Reinvestor
SHREECEM,2015,1,-1,-1,Reinvestor
SHREECEM,2016,1,-1,-1,Reinvestor
SHREECEM,2017,1,-1,-1,Reinvestor
SHREECEM,2018,1,-1,1,Growth Funded by Debt
SHREECEM,2019,1,-1,-1,Reinvestor
SHREECEM,2020,1,-1,1,Growth Funded by Debt
SHREECEM,2021,1,-1,-1,Reinvestor
SHREECEM,2022,1,-1,-1,Reinvestor
SHREECEM,2023,1,-1,-1,Reinvestor
SHREECEM,2024,1,-1,-1,Reinvestor
SHRIRAMFIN,2013,-1,-1,1,Pre-Revenue
SHRIRAMFIN,2014,-1,-1,1,Pre-Revenue
SHRIRAMFIN,2015,-1,-1,1,Pre-Revenue
SHRIRAMFIN,2016,-1,-1,1,Pre-Revenue
SHRIRAMFIN,2017,-1,-1,1,Pre-Revenue
SHRIRAMFIN,2018,-1,1,1,Liquidating Assets
SHRIRAMFIN,2019,-1,-1,1,Pre-Revenue
SHRIRAMFIN,2020,-1,-1,1,Pre-Revenue
SHRIRAMFIN,2021,-1,-1,1,Pre-Revenue
SHRIRAMFIN,2022,-1,-1,1,Pre-Revenue
SHRIRAMFIN,2023,-1,1,1,Liquidating Assets
SHRIRAMFIN,2024,-1,-1,1,Pre-Revenue
SIEMENS,2011,1,1,-1,Shareholder Returns
SIEMENS,2014,1,1,-1,Shareholder Returns
SIEMENS,2015,1,1,-1,Shareholder Returns
SIEMENS,2016,1,1,-1,Shareholder Returns
SIEMENS,2017,1,1,-1,Shareholder Returns
SIEMENS,2018,1,-1,-1,Reinvestor
SIEMENS,2019,1,-1,-1,Reinvestor
SIEMENS,2020,1,1,-1,Shareholder Returns
SIEMENS,2021,1,-1,-1,Reinvestor
SIEMENS,2022,1,-1,-1,Reinvestor
SIEMENS,2023,1,-1,-1,Reinvestor
SIEMENS,2024,1,-1,-1,Reinvestor
SUNPHARMA,2013,1,-1,-1,Reinvestor
SUNPHARMA,2014,1,-1,1,Growth Funded by Debt
SUNPHARMA,2015,1,-1,-1,Reinvestor
SUNPHARMA,2016,1,-1,-1,Reinvestor
SUNPHARMA,2017,1,-1,-1,Reinvestor
SUNPHARMA,2018,1,-1,-1,Reinvestor
SUNPHARMA,2019,1,-1,-1,Reinvestor
SUNPHARMA,2020,1,-1,-1,Reinvestor
SUNPHARMA,2021,1,1,-1,Shareholder Returns
SUNPHARMA,2022,1,-1,-1,Reinvestor
SUNPHARMA,2023,1,-1,1,Growth Funded by Debt
SUNPHARMA,2024,1,-1,-1,Reinvestor
TATACONSUM,2013,1,1,1,Cash Accumulator
TATACONSUM,2014,1,-1,-1,Reinvestor
TATACONSUM,2015,1,-1,-1,Reinvestor
TATACONSUM,2016,1,1,-1,Shareholder Returns
TATACONSUM,2017,1,1,-1,Shareholder Returns
TATACONSUM,2018,1,-1,-1,Reinvestor
TATACONSUM,2019,1,1,-1,Shareholder Returns
TATACONSUM,2020,1,-1,-1,Reinvestor
TATACONSUM,2021,1,-1,-1,Reinvestor
TATACONSUM,2022,1,-1,-1,Reinvestor
TATACONSUM,2023,1,-1,-1,Reinvestor
TATACONSUM,2024,1,-1,1,Growth Funded by Debt
TATAMOTORS,2013,1,-1,-1,Reinvestor
TATAMOTORS,2014,1,-1,-1,Reinvestor
TATAMOTORS,2015,1,-1,1,Growth Funded by Debt
TATAMOTORS,2016,1,-1,-1,Reinvestor
TATAMOTORS,2017,1,-1,1,Growth Funded by Debt
TATAMOTORS,2018,1,-1,1,Growth Funded by Debt
TATAMOTORS,2019,1,-1,1,Growth Funded by Debt
TATAMOTORS,2020,1,-1,1,Growth Funded by Debt
TATAMOTORS,2021,1,-1,1,Growth Funded by Debt
TATAMOTORS,2022,1,-1,-1,Reinvestor
TATAMOTORS,2023,1,-1,-1,Reinvestor
TATAMOTORS,2024,1,-1,-1,Reinvestor
TATAPOWER,2013,1,-1,-1,Reinvestor
TATAPOWER,2014,1,-1,-1,Reinvestor
TATAPOWER,2015,1,-1,-1,Reinvestor
TATAPOWER,2016,1,-1,-1,Reinvestor
TATAPOWER,2017,1,-1,1,Growth Funded by Debt
TATAPOWER,2018,1,-1,-1,Reinvestor
TATAPOWER,2019,1,-1,-1,Reinvestor
TATAPOWER,2020,1,-1,-1,Reinvestor
TATAPOWER,2021,1,1,-1,Shareholder Returns
TATAPOWER,2022,1,-1,-1,Reinvestor
TATAPOWER,2023,1,-1,1,Growth Funded by Debt
TATAPOWER,2024,1,-1,-1,Reinvestor
TATASTEEL,2013,1,-1,-1,Reinvestor
TATASTEEL,2014,1,-1,1,Growth Funded by Debt
TATASTEEL,2015,1,-1,-1,Reinvestor
TATASTEEL,2016,1,-1,-1,Reinvestor
TATASTEEL,2017,1,-1,-1,Reinvestor
TATASTEEL,2018,1,-1,1,Growth Funded by Debt
TATASTEEL,2019,1,-1,-1,Reinvestor
TATASTEEL,2020,1,-1,-1,Reinvestor
TATASTEEL,2021,1,-1,-1,Reinvestor
TATASTEEL,2022,1,-1,-1,Reinvestor
TATASTEEL,2023,1,-1,-1,Reinvestor
TATASTEEL,2024,1,-1,-1,Reinvestor
TCS,2013,1,-1,-1,Reinvestor
TCS,2014,1,-1,-1,Reinvestor
TCS,2015,1,-1,-1,Reinvestor
TCS,2016,1,-1,-1,Reinvestor
TCS,2017,1,-1,-1,Reinvestor
TCS,2018,1,1,-1,Shareholder Returns
TCS,2019,1,1,-1,Shareholder Returns
TCS,2020,1,1,-1,Shareholder Returns
TCS,2021,1,-1,-1,Reinvestor
TCS,2022,1,-1,-1,Reinvestor
TCS,2023,1,1,-1,Shareholder Returns
TCS,2024,1,1,-1,Shareholder Returns
TECHM,2013,1,-1,1,Growth Funded by Debt
TECHM,2014,1,1,-1,Shareholder Returns
TECHM,2015,1,-1,-1,Reinvestor
TECHM,2016,1,-1,-1,Reinvestor
TECHM,2017,1,-1,-1,Reinvestor
TECHM,2018,1,-1,-1,Reinvestor
TECHM,2019,1,-1,-1,Reinvestor
TECHM,2020,1,1,-1,Shareholder Returns
TECHM,2021,1,-1,-1,Reinvestor
TECHM,2022,1,1,-1,Shareholder Returns
TECHM,2023,1,-1,-1,Reinvestor
TECHM,2024,1,-1,-1,Reinvestor
TITAN,2013,1,-1,-1,Reinvestor
TITAN,2014,-1,-1,1,Pre-Revenue
TITAN,2015,1,-1,-1,Reinvestor
TITAN,2016,1,-1,-1,Reinvestor
TITAN,2017,1,-1,-1,Reinvestor
TITAN,2018,-1,1,-1,Distress Signal
TITAN,2019,1,-1,-1,Reinvestor
TITAN,2020,-1,1,-1,Distress Signal
TITAN,2021,1,-1,-1,Reinvestor
TITAN,2022,-1,1,-1,Distress Signal
TITAN,2023,1,-1,1,Growth Funded by Debt
TITAN,2024,1,-1,-1,Reinvestor
TORNTPHARM,2013,1,-1,1,Growth Funded by Debt
TORNTPHARM,2014,1,-1,1,Growth Funded by Debt
TORNTPHARM,2015,1,-1,1,Growth Funded by Debt
TORNTPHARM,2016,1,-1,-1,Reinvestor
TORNTPHARM,2017,1,-1,-1,Reinvestor
TORNTPHARM,2018,1,-1,1,Growth Funded by Debt
TORNTPHARM,2019,1,-1,-1,Reinvestor
TORNTPHARM,2020,1,1,-1,Shareholder Returns
TORNTPHARM,2021,1,-1,-1,Reinvestor
TORNTPHARM,2022,1,-1,-1,Reinvestor
TORNTPHARM,2023,1,-1,1,Growth Funded by Debt
TORNTPHARM,2024,1,-1,-1,Reinvestor
TRENT,2013,1,-1,1,Growth Funded by Debt
TRENT,2014,-1,-1,-1,Mixed
TRENT,2015,-1,-1,1,Pre-Revenue
TRENT,2016,1,-1,-1,Reinvestor
TRENT,2017,1,-1,-1,Reinvestor
TRENT,2018,1,-1,-1,Reinvestor
TRENT,2019,1,-1,1,Growth Funded by Debt
TRENT,2020,1,-1,1,Growth Funded by Debt
TRENT,2021,1,1,-1,Shareholder Returns
TRENT,2022,1,1,-1,Shareholder Returns
TRENT,2023,1,-1,-1,Reinvestor
TRENT,2024,1,-1,-1,Reinvestor
TVSMOTOR,2013,1,-1,-1,Reinvestor
TVSMOTOR,2014,1,-1,-1,Reinvestor
TVSMOTOR,2015,1,-1,1,Growth Funded by Debt
TVSMOTOR,2016,1,-1,-1,Reinvestor
TVSMOTOR,2017,1,-1,-1,Reinvestor
TVSMOTOR,2018,1,-1,1,Growth Funded by Debt
TVSMOTOR,2019,-1,-1,1,Pre-Revenue
TVSMOTOR,2020,1,-1,1,Growth Funded by Debt
TVSMOTOR,2021,1,-1,1,Growth Funded by Debt
TVSMOTOR,2022,-1,-1,1,Pre-Revenue
TVSMOTOR,2023,-1,-1,1,Pre-Revenue
TVSMOTOR,2024,-1,-1,1,Pre-Revenue
ULTRACEMCO,2013,1,-1,1,Growth Funded by Debt
ULTRACEMCO,2014,1,-1,-1,Reinvestor
ULTRACEMCO,2015,1,-1,-1,Reinvestor
ULTRACEMCO,2016,1,-1,-1,Reinvestor
ULTRACEMCO,2017,1,-1,-1,Reinvestor
ULTRACEMCO,2018,1,1,-1,Shareholder Returns
ULTRACEMCO,2019,1,1,-1,Shareholder Returns
ULTRACEMCO,2020,1,-1,-1,Reinvestor
ULTRACEMCO,2021,1,-1,-1,Reinvestor
ULTRACEMCO,2022,1,1,-1,Shareholder Returns
ULTRACEMCO,2023,1,-1,-1,Reinvestor
ULTRACEMCO,2024,1,-1,-1,Reinvestor
UNIONBANK,2013,-1,-1,1,Pre-Revenue
UNIONBANK,2014,1,-1,1,Growth Funded by Debt
UNIONBANK,2015,-1,-1,1,Pre-Revenue
UNIONBANK,2016,1,-1,-1,Reinvestor
UNIONBANK,2017,-1,-1,1,Pre-Revenue
UNIONBANK,2018,1,-1,1,Growth Funded by Debt
UNIONBANK,2019,-1,-1,1,Pre-Revenue
UNIONBANK,2020,-1,-1,1,Pre-Revenue
UNIONBANK,2021,1,-1,-1,Reinvestor
UNIONBANK,2022,1,-1,-1,Reinvestor
UNIONBANK,2023,1,-1,-1,Reinvestor
UNIONBANK,2024,1,-1,-1,Reinvestor
UNITDSPR,2013,1,-1,-1,Reinvestor
UNITDSPR,2014,-1,-1,1,Pre-Revenue
UNITDSPR,2015,-1,1,-1,Distress Signal
UNITDSPR,2016,1,1,-1,Shareholder Returns
UNITDSPR,2017,1,-1,-1,Reinvestor
UNITDSPR,2018,1,1,-1,Shareholder Returns
UNITDSPR,2019,1,-1,-1,Reinvestor
UNITDSPR,2020,1,-1,-1,Reinvestor
UNITDSPR,2021,1,-1,-1,Reinvestor
UNITDSPR,2022,1,-1,-1,Reinvestor
UNITDSPR,2023,1,-1,-1,Reinvestor
UNITDSPR,2024,1,1,-1,Shareholder Returns
VBL,2012,1,-1,1,Growth Funded by Debt
VBL,2013,1,-1,1,Growth Funded by Debt
VBL,2014,1,-1,1,Growth Funded by Debt
VBL,2015,1,-1,-1,Reinvestor
VBL,2016,1,-1,1,Growth Funded by Debt
VBL,2017,1,-1,1,Growth Funded by Debt
VBL,2018,1,-1,-1,Reinvestor
VBL,2019,1,-1,1,Growth Funded by Debt
VBL,2020,1,-1,-1,Reinvestor
VBL,2021,1,-1,-1,Reinvestor
VBL,2022,1,-1,-1,Reinvestor
VBL,2023,1,-1,1,Growth Funded by Debt
VEDL,2013,1,-1,1,Growth Funded by Debt
VEDL,2014,1,-1,-1,Reinvestor
VEDL,2015,1,-1,-1,Reinvestor
VEDL,2016,1,-1,-1,Reinvestor
VEDL,2017,1,1,-1,Shareholder Returns
VEDL,2018,1,1,-1,Shareholder Returns
VEDL,2019,1,-1,-1,Reinvestor
VEDL,2020,1,-1,-1,Reinvestor
VEDL,2021,1,-1,-1,Reinvestor
VEDL,2022,1,-1,-1,Reinvestor
VEDL,2023,1,-1,-1,Reinvestor
VEDL,2024,1,-1,-1,Reinvestor
WIPRO,2013,1,-1,-1,Reinvestor
WIPRO,2014,1,-1,-1,Reinvestor
WIPRO,2015,1,-1,-1,Reinvestor
WIPRO,2016,1,-1,-1,Reinvestor
WIPRO,2017,1,-1,-1,Reinvestor
WIPRO,2018,1,1,-1,Shareholder Returns
WIPRO,2019,1,1,-1,Shareholder Returns
WIPRO,2020,1,1,-1,Shareholder Returns
WIPRO,2021,1,1,-1,Shareholder Returns
WIPRO,2022,1,-1,1,Growth Funded by Debt
WIPRO,2023,1,-1,-1,Reinvestor
WIPRO,2024,1,1,-1,Shareholder Returns
ZOMATO,2020,-1,1,1,Liquidating Assets
ZOMATO,2021,-1,-1,1,Pre-Revenue
ZOMATO,2022,-1,-1,1,Pre-Revenue
ZOMATO,2023,-1,1,-1,Distress Signal
ZOMATO,2024,1,-1,-1,Reinvestor
ZYDUSLIFE,2013,1,-1,1,Growth Funded by Debt
ZYDUSLIFE,2014,1,-1,-1,Reinvestor
ZYDUSLIFE,2015,1,-1,-1,Reinvestor
ZYDUSLIFE,2016,1,-1,-1,Reinvestor
ZYDUSLIFE,2017,1,-1,1,Growth Funded by Debt
ZYDUSLIFE,2018,1,-1,1,Growth Funded by Debt
ZYDUSLIFE,2019,1,-1,1,Growth Funded by Debt
ZYDUSLIFE,2020,1,-1,-1,Reinvestor
ZYDUSLIFE,2021,1,-1,-1,Reinvestor
ZYDUSLIFE,2022,1,-1,-1,Reinvestor
ZYDUSLIFE,2023,1,1,-1,Shareholder Returns
ZYDUSLIFE,2024,1,-1,-1,Reinvestor
